Fever,Cough,Headache,Fatigue,Nausea,SoreThroat,RunnyNose,BodyPain,Disease
0,0,0,1,1,0,0,0,Cold
1,1,0,0,0,1,0,0,Flu
0,0,1,1,1,0,1,1,Migraine
1,1,1,0,0,0,0,1,COVID
0,1,1,1,1,1,1,0,Migraine
1,0,1,1,1,0,1,1,Malaria
1,0,0,1,1,1,1,0,COVID
1,1,0,0,1,0,1,0,COVID
1,0,0,0,1,0,0,1,Typhoid
0,1,1,1,0,1,1,1,Migraine
1,0,1,0,0,0,1,0,Dengue
1,1,1,0,1,0,1,1,Flu
1,1,0,0,1,1,1,1,Flu
1,0,1,0,0,1,0,1,Malaria
0,1,0,0,0,0,0,1,Malaria
0,0,1,1,1,0,0,0,Migraine
0,1,0,1,0,0,0,0,Migraine
0,0,0,0,0,1,1,1,Migraine
1,1,0,0,0,1,0,0,Flu
0,0,1,0,1,1,1,1,Cold
0,0,0,0,1,1,1,0,COVID
0,1,0,0,1,1,1,0,Cold
1,1,0,1,1,1,1,1,COVID
0,0,1,0,0,1,0,1,Typhoid
1,1,1,0,1,1,0,0,Flu
1,0,1,1,1,0,1,0,Dengue
0,0,0,1,0,0,0,0,COVID
0,0,0,1,1,0,1,1,Migraine
1,0,1,0,0,0,1,0,Malaria
1,0,0,0,0,1,1,1,Dengue
0,0,0,1,0,0,1,0,Typhoid
0,1,0,1,1,0,1,0,Cold
0,1,0,0,1,1,1,1,Cold
0,1,0,0,0,1,1,1,Cold
0,1,1,0,0,0,1,1,COVID
1,1,0,1,1,1,1,1,Flu
0,0,1,0,1,1,0,1,Dengue
0,0,1,1,1,1,1,0,Migraine
1,0,0,1,1,0,0,1,Dengue
1,0,1,1,1,0,0,0,Dengue
1,0,1,1,0,1,0,1,Dengue
0,1,1,1,1,0,0,0,Migraine
0,0,0,1,1,0,0,0,Dengue
0,1,1,1,0,1,1,1,Migraine
1,0,0,0,0,1,0,0,Typhoid
0,1,0,0,0,1,0,0,Cold
0,1,0,0,0,1,1,1,Cold
1,0,0,0,0,0,0,1,Dengue
1,0,1,1,0,0,1,1,Typhoid
1,0,1,0,1,0,0,1,Malaria
0,0,1,1,0,0,1,1,Migraine
0,1,0,0,1,1,1,0,Cold
1,1,0,1,0,0,0,1,Flu
0,0,0,0,1,1,0,0,Typhoid
1,1,0,0,0,0,0,1,Flu
1,0,0,1,1,0,0,1,Cold
1,0,1,0,1,1,0,0,Typhoid
1,0,1,1,1,0,1,0,Typhoid
0,0,0,0,0,1,1,1,COVID
0,1,1,0,1,1,1,0,Cold
0,1,0,0,0,0,0,0,Typhoid
0,1,0,0,0,1,1,1,Cold
1,1,1,0,1,1,0,1,Flu
1,0,1,0,1,0,1,1,Dengue
0,0,1,0,1,0,0,0,Malaria
0,0,1,0,1,1,0,0,COVID
0,0,1,0,0,1,0,1,Flu
1,1,1,1,1,0,1,1,Flu
0,1,1,0,0,0,1,0,Migraine
0,1,1,0,1,0,1,1,Typhoid
0,0,1,1,0,1,0,0,Migraine
0,0,1,1,1,0,1,0,Migraine
0,0,1,0,0,1,1,1,Typhoid
0,1,0,1,1,1,1,0,Cold
1,1,0,0,1,0,0,0,COVID
0,0,1,0,0,1,0,0,Migraine
0,0,0,0,0,0,0,0,Flu
0,1,1,1,0,0,1,1,Migraine
0,0,1,0,0,0,1,1,Dengue
1,0,1,0,0,0,0,1,Dengue
1,0,1,0,1,1,1,0,Typhoid
1,1,0,0,1,0,1,0,COVID
0,1,0,0,0,1,0,0,Cold
0,1,1,0,0,1,1,1,Cold
0,0,0,1,0,1,1,0,Malaria
0,1,1,0,0,0,0,0,COVID
1,0,0,1,1,1,1,0,Cold
0,0,1,1,0,1,0,0,Migraine
1,1,0,0,1,0,1,0,Flu
0,1,1,1,0,1,0,0,Migraine
0,0,1,0,0,1,1,0,Cold
1,0,0,0,1,0,0,0,Typhoid
1,1,1,0,1,1,0,1,Flu
0,1,1,1,0,1,1,1,Migraine
1,1,0,0,0,0,0,0,COVID
0,0,0,1,0,1,0,1,COVID
0,1,1,0,1,0,0,0,COVID
0,0,0,0,1,1,1,0,COVID
0,1,1,1,1,0,0,0,Migraine
1,0,0,1,0,0,1,0,Typhoid
1,1,0,0,1,1,1,0,COVID
0,1,1,1,0,0,0,0,Migraine
1,1,1,1,0,0,0,0,Flu
1,0,1,1,1,1,1,1,Malaria
1,1,0,0,0,0,0,1,COVID
1,1,1,0,0,1,1,0,Flu
0,0,0,1,1,1,0,1,COVID
1,1,1,0,0,0,1,0,Flu
0,1,0,0,1,1,1,1,Cold
0,0,1,1,1,1,0,1,Migraine
0,1,0,1,1,0,1,0,Dengue
1,1,1,0,0,1,0,1,COVID
1,0,0,0,1,1,0,1,Typhoid
1,0,0,1,1,0,1,1,Typhoid
1,0,0,1,1,1,0,1,Migraine
1,1,0,0,0,1,1,0,COVID
0,1,1,1,1,1,0,0,Migraine
0,1,0,0,0,0,1,1,Cold
0,0,0,0,0,0,0,1,Flu
0,0,0,0,0,0,0,0,COVID
